{
    "SFX_ENABLED": true,
    "SFX_VOLUME": 0.44333333333333336,
    "BGM_ENABLED": true,
    "BGM_VOLUME": 0.6233333333333333,
    "FULLSCREEN": false
}